True Label,Predicted Label
BENIGN,Portscan(TCP)
PortScan,Portscan(TCP-SYN)
PortScan,Portscan(TCP-SYN)
PortScan,Portscan(TCP-SYN)
PortScan,Portscan(TCP-SYN)
PortScan,Portscan(TCP-SYN)
PortScan,Portscan(TCP-SYN)
PortScan,Portscan(TCP-SYN)
PortScan,Portscan(TCP-SYN)
PortScan,Portscan(TCP-SYN)
PortScan,Portscan(TCP-SYN)
PortScan,Portscan(TCP-SYN)
PortScan,Portscan(TCP-SYN)
PortScan,Portscan(TCP-SYN)
PortScan,Portscan(TCP-SYN)
PortScan,Portscan(TCP-SYN)
PortScan,Portscan(TCP-SYN)
PortScan,Portscan(TCP-SYN)
PortScan,Portscan(TCP-SYN)
PortScan,Portscan(TCP-SYN)
PortScan,Portscan(TCP-SYN)
PortScan,Portscan(TCP-SYN)
PortScan,Portscan(TCP-SYN)
PortScan,Portscan(TCP-SYN)
PortScan,Portscan(TCP-SYN)
PortScan,Portscan(TCP-SYN)
PortScan,Portscan(TCP-SYN)
PortScan,Portscan(TCP-SYN)
PortScan,Portscan(TCP-SYN)
PortScan,Portscan(TCP-SYN)
PortScan,Portscan(TCP-SYN)
PortScan,Portscan(TCP-SYN)
PortScan,Portscan(TCP-SYN)
PortScan,Portscan(TCP-SYN)
PortScan,Portscan(TCP-SYN)
PortScan,Portscan(TCP-SYN)
PortScan,Portscan(TCP-SYN)
PortScan,Portscan(TCP-SYN)
PortScan,Portscan(TCP-SYN)
PortScan,Portscan(TCP-SYN)
PortScan,Portscan(TCP-SYN)
PortScan,Portscan(TCP-SYN)
PortScan,Portscan(TCP-SYN)
PortScan,Portscan(TCP-SYN)
PortScan,Portscan(TCP-SYN)
PortScan,Portscan(TCP-SYN)
PortScan,Portscan(TCP-SYN)
PortScan,Portscan(TCP-SYN)
PortScan,Portscan(TCP-SYN)
PortScan,Portscan(TCP-SYN)
PortScan,Portscan(TCP-SYN)
PortScan,Portscan(TCP-SYN)
PortScan,Portscan(TCP-SYN)
PortScan,Portscan(TCP-SYN)
PortScan,Portscan(TCP-SYN)
PortScan,Portscan(TCP-SYN)
PortScan,Portscan(TCP-SYN)
PortScan,Portscan(TCP-SYN)
PortScan,Portscan(TCP-SYN)
PortScan,Portscan(TCP-SYN)
PortScan,Portscan(TCP-SYN)
PortScan,Portscan(TCP-SYN)
PortScan,Portscan(TCP-SYN)
PortScan,Portscan(TCP-SYN)
PortScan,Portscan(TCP-SYN)
PortScan,Portscan(TCP-SYN)
PortScan,Portscan(TCP-SYN)
PortScan,Portscan(TCP-SYN)
PortScan,Portscan(TCP-SYN)
PortScan,Portscan(TCP-SYN)
PortScan,Portscan(TCP-SYN)
PortScan,Portscan(TCP-SYN)
PortScan,Portscan(TCP-SYN)
PortScan,Portscan(TCP-SYN)
PortScan,Portscan(TCP-SYN)
PortScan,Portscan(TCP-SYN)
PortScan,Portscan(TCP-SYN)
PortScan,Portscan(TCP-SYN)
PortScan,Portscan(TCP-SYN)
PortScan,Portscan(TCP-SYN)
PortScan,Portscan(TCP-SYN)
PortScan,Portscan(TCP-SYN)
PortScan,Portscan(TCP-SYN)
PortScan,Portscan(TCP-SYN)
PortScan,Portscan(TCP-SYN)
PortScan,Portscan(TCP-SYN)
PortScan,Portscan(TCP-SYN)
PortScan,Portscan(TCP-SYN)
PortScan,Portscan(TCP-SYN)
PortScan,Portscan(TCP-SYN)
PortScan,Portscan(TCP-SYN)
PortScan,Portscan(TCP-SYN)
PortScan,Portscan(TCP-SYN)
PortScan,Portscan(TCP-SYN)
PortScan,Portscan(TCP-SYN)
PortScan,Portscan(TCP-SYN)
PortScan,Portscan(TCP-SYN)
PortScan,Portscan(TCP-SYN)
PortScan,Portscan(TCP-SYN)
PortScan,Portscan(TCP-SYN)
PortScan,Portscan(TCP-SYN)
PortScan,Portscan(TCP-SYN)
PortScan,Portscan(TCP-SYN)
PortScan,Portscan(TCP-SYN)
PortScan,Portscan(TCP-SYN)
PortScan,Portscan(TCP-SYN)
PortScan,Portscan(TCP-SYN)
PortScan,Portscan(TCP-SYN)
PortScan,Portscan(TCP-SYN)
PortScan,Portscan(TCP-SYN)
PortScan,Portscan(TCP-SYN)
PortScan,Portscan(TCP-SYN)
PortScan,Portscan(TCP-SYN)
PortScan,Portscan(TCP-SYN)
PortScan,Portscan(TCP-SYN)
PortScan,Portscan(TCP-SYN)
PortScan,Portscan(TCP-SYN)
PortScan,Portscan(TCP-SYN)
PortScan,Portscan(TCP-SYN)
PortScan,Portscan(TCP-SYN)
PortScan,Portscan(TCP-SYN)
PortScan,Portscan(TCP-SYN)
PortScan,Portscan(TCP-SYN)
PortScan,Portscan(TCP-SYN)
PortScan,Portscan(TCP-SYN)
PortScan,Portscan(TCP-SYN)
PortScan,Portscan(TCP-SYN)
PortScan,Portscan(TCP-SYN)
PortScan,Portscan(TCP-SYN)
PortScan,Portscan(TCP-SYN)
PortScan,Portscan(TCP-SYN)
PortScan,Portscan(TCP-SYN)
PortScan,Portscan(TCP-SYN)
PortScan,Portscan(TCP-SYN)
PortScan,Portscan(TCP-SYN)
PortScan,Portscan(TCP-SYN)
PortScan,Portscan(TCP-SYN)
PortScan,Portscan(TCP-SYN)
PortScan,Portscan(TCP-SYN)
PortScan,Portscan(TCP-SYN)
PortScan,Portscan(TCP-SYN)
PortScan,Portscan(TCP-SYN)
PortScan,Portscan(TCP-SYN)
PortScan,Portscan(TCP-SYN)
PortScan,Portscan(TCP-SYN)
PortScan,Portscan(TCP-SYN)
PortScan,Portscan(TCP-SYN)
PortScan,Portscan(TCP-SYN)
PortScan,Portscan(TCP-SYN)
PortScan,Portscan(TCP-SYN)
PortScan,Portscan(TCP-SYN)
PortScan,Portscan(TCP-SYN)
PortScan,Portscan(TCP-SYN)
PortScan,Portscan(TCP-SYN)
PortScan,Portscan(TCP-SYN)
PortScan,Portscan(TCP-SYN)
PortScan,Portscan(TCP-SYN)
PortScan,Portscan(TCP-SYN)
PortScan,Portscan(TCP-SYN)
PortScan,Portscan(TCP-SYN)
PortScan,Portscan(TCP-SYN)
PortScan,Portscan(TCP-SYN)
PortScan,Portscan(TCP-SYN)
PortScan,Portscan(TCP-SYN)
PortScan,Portscan(TCP-SYN)
PortScan,Portscan(TCP-SYN)
PortScan,Portscan(TCP-SYN)
PortScan,Portscan(TCP-SYN)
PortScan,Portscan(TCP-SYN)
PortScan,Portscan(TCP-SYN)
PortScan,Portscan(TCP-SYN)
PortScan,Portscan(TCP-SYN)
PortScan,Portscan(TCP-SYN)
PortScan,Portscan(TCP-SYN)
PortScan,Portscan(TCP-SYN)
PortScan,Portscan(TCP-SYN)
PortScan,Portscan(TCP-SYN)
PortScan,Portscan(TCP-SYN)
PortScan,Portscan(TCP-SYN)
PortScan,Portscan(TCP-SYN)
PortScan,Portscan(TCP-SYN)
PortScan,Portscan(TCP-SYN)
PortScan,Portscan(TCP-SYN)
PortScan,Portscan(TCP-SYN)
PortScan,Portscan(TCP-SYN)
PortScan,Portscan(TCP-SYN)
PortScan,Portscan(TCP-SYN)
PortScan,Portscan(TCP-SYN)
PortScan,Portscan(TCP-SYN)
PortScan,Portscan(TCP-SYN)
PortScan,Portscan(TCP-SYN)
PortScan,Portscan(TCP-SYN)
PortScan,Portscan(TCP-SYN)
PortScan,Portscan(TCP-SYN)
PortScan,Portscan(TCP-SYN)
PortScan,Portscan(TCP-SYN)
PortScan,Portscan(TCP-SYN)
PortScan,Portscan(TCP-SYN)
PortScan,Portscan(TCP-SYN)
PortScan,Portscan(TCP-SYN)
PortScan,Portscan(TCP-SYN)
PortScan,Portscan(TCP-SYN)
PortScan,Portscan(TCP-SYN)
PortScan,Portscan(TCP-SYN)
PortScan,Portscan(TCP-SYN)
PortScan,Portscan(TCP-SYN)
PortScan,Portscan(TCP-SYN)
PortScan,Portscan(TCP-SYN)
PortScan,Portscan(TCP-SYN)
PortScan,Portscan(TCP-SYN)
PortScan,Portscan(TCP-SYN)
PortScan,Portscan(TCP-SYN)
PortScan,Portscan(TCP-SYN)
PortScan,Portscan(TCP-SYN)
PortScan,Portscan(TCP-SYN)
PortScan,Portscan(TCP-SYN)
PortScan,Portscan(TCP-SYN)
PortScan,Portscan(TCP-SYN)
PortScan,Portscan(TCP-SYN)
PortScan,Portscan(TCP-SYN)
PortScan,Portscan(TCP-SYN)
PortScan,Portscan(TCP-SYN)
PortScan,Portscan(TCP-SYN)
PortScan,Portscan(TCP-SYN)
PortScan,Portscan(TCP-SYN)
PortScan,Portscan(TCP-SYN)
PortScan,Portscan(TCP-SYN)
PortScan,Portscan(TCP-SYN)
PortScan,Portscan(TCP-SYN)
PortScan,Portscan(TCP-SYN)
PortScan,Portscan(TCP-SYN)
PortScan,Portscan(TCP-SYN)
PortScan,Portscan(TCP-SYN)
PortScan,Portscan(TCP-SYN)
PortScan,Portscan(TCP-SYN)
PortScan,Portscan(TCP-SYN)
PortScan,Portscan(TCP-SYN)
PortScan,Portscan(TCP-SYN)
PortScan,Portscan(TCP-SYN)
PortScan,Portscan(TCP-SYN)
PortScan,Portscan(TCP-SYN)
PortScan,Portscan(TCP-SYN)
PortScan,Portscan(TCP-SYN)
PortScan,Portscan(TCP-SYN)
PortScan,Portscan(TCP-SYN)
PortScan,Portscan(TCP-SYN)
PortScan,Portscan(TCP-SYN)
PortScan,Portscan(TCP-SYN)
PortScan,Portscan(TCP-SYN)
PortScan,Portscan(TCP-SYN)
PortScan,Portscan(TCP-SYN)
PortScan,Portscan(TCP-SYN)
PortScan,Portscan(TCP-SYN)
PortScan,Portscan(TCP-SYN)
PortScan,Portscan(TCP-SYN)
PortScan,Portscan(TCP-SYN)
PortScan,Portscan(TCP-SYN)
PortScan,Portscan(TCP-SYN)
PortScan,Portscan(TCP-SYN)
PortScan,Portscan(TCP-SYN)
PortScan,Portscan(TCP-SYN)
PortScan,Portscan(TCP-SYN)
PortScan,Portscan(TCP-SYN)
PortScan,Portscan(TCP-SYN)
PortScan,Portscan(TCP-SYN)
PortScan,Portscan(TCP-SYN)
PortScan,Portscan(TCP-SYN)
PortScan,Portscan(TCP-SYN)
PortScan,Portscan(TCP-SYN)
PortScan,Portscan(TCP-SYN)
PortScan,Portscan(TCP-SYN)
PortScan,Portscan(TCP-SYN)
PortScan,Portscan(TCP-SYN)
PortScan,Portscan(TCP-SYN)
PortScan,Portscan(TCP-SYN)
PortScan,Portscan(TCP-SYN)
PortScan,Portscan(TCP-SYN)
PortScan,Portscan(TCP-SYN)
PortScan,Portscan(TCP-SYN)
PortScan,Portscan(TCP-SYN)
PortScan,Portscan(TCP-SYN)
PortScan,Portscan(TCP-SYN)
PortScan,Portscan(TCP-SYN)
PortScan,Portscan(TCP-SYN)
PortScan,Portscan(TCP-SYN)
PortScan,Portscan(TCP-SYN)
PortScan,Portscan(TCP-SYN)
PortScan,Portscan(TCP-SYN)
PortScan,Portscan(TCP-SYN)
PortScan,Portscan(TCP-SYN)
PortScan,Portscan(TCP-SYN)
PortScan,Portscan(TCP-SYN)
PortScan,Portscan(TCP-SYN)
PortScan,Portscan(TCP-SYN)
PortScan,Portscan(TCP-SYN)
PortScan,Portscan(TCP-SYN)
PortScan,Portscan(TCP-SYN)
PortScan,Portscan(TCP-SYN)
PortScan,Portscan(TCP-SYN)
PortScan,Portscan(TCP-SYN)
PortScan,Portscan(TCP-SYN)
PortScan,Portscan(TCP-SYN)
PortScan,Portscan(TCP-SYN)
PortScan,Portscan(TCP-SYN)
PortScan,Portscan(TCP-SYN)
PortScan,Portscan(TCP-SYN)
PortScan,Portscan(TCP-SYN)
PortScan,Portscan(TCP-SYN)
PortScan,Portscan(TCP-SYN)
PortScan,Portscan(TCP-SYN)
PortScan,Portscan(TCP-SYN)
PortScan,Portscan(TCP-SYN)
PortScan,Portscan(TCP-SYN)
PortScan,Portscan(TCP-SYN)
PortScan,Portscan(TCP-SYN)
PortScan,Portscan(TCP-SYN)
PortScan,Portscan(TCP-SYN)
PortScan,Portscan(TCP-SYN)
PortScan,Portscan(TCP-SYN)
PortScan,Portscan(TCP-SYN)
PortScan,Portscan(TCP-SYN)
PortScan,Portscan(TCP-SYN)
PortScan,Portscan(TCP-SYN)
PortScan,Portscan(TCP-SYN)
PortScan,Portscan(TCP-SYN)
PortScan,Portscan(TCP-SYN)
PortScan,Portscan(TCP-SYN)
PortScan,Portscan(TCP-SYN)
PortScan,Portscan(TCP-SYN)
PortScan,Portscan(TCP-SYN)
PortScan,Portscan(TCP-SYN)
PortScan,Portscan(TCP-SYN)
PortScan,Portscan(TCP-SYN)
PortScan,Portscan(TCP-SYN)
PortScan,Portscan(TCP-SYN)
PortScan,Portscan(TCP-SYN)
PortScan,Portscan(TCP-SYN)
PortScan,Portscan(TCP-SYN)
PortScan,Portscan(TCP-SYN)
PortScan,Portscan(TCP-SYN)
PortScan,Portscan(TCP-SYN)
PortScan,Portscan(TCP-SYN)
PortScan,Portscan(TCP-SYN)
PortScan,Portscan(TCP-SYN)
PortScan,Portscan(TCP-SYN)
PortScan,Portscan(TCP-SYN)
PortScan,Portscan(TCP-SYN)
PortScan,Portscan(TCP-SYN)
PortScan,Portscan(TCP-SYN)
PortScan,Portscan(TCP-SYN)
PortScan,Portscan(TCP-SYN)
PortScan,Portscan(TCP-SYN)
PortScan,Portscan(TCP-SYN)
PortScan,Portscan(TCP-SYN)
PortScan,Portscan(TCP-SYN)
PortScan,Portscan(TCP-SYN)
PortScan,Portscan(TCP-SYN)
PortScan,Portscan(TCP-SYN)
PortScan,Portscan(TCP-SYN)
PortScan,Portscan(TCP-SYN)
PortScan,Portscan(TCP-SYN)
PortScan,Portscan(TCP-SYN)
PortScan,Portscan(TCP-SYN)
PortScan,Portscan(TCP-SYN)
PortScan,Portscan(TCP-SYN)
PortScan,Portscan(TCP-SYN)
PortScan,Portscan(TCP-SYN)
PortScan,Portscan(TCP-SYN)
PortScan,Portscan(TCP-SYN)
PortScan,Portscan(TCP-SYN)
PortScan,Portscan(TCP-SYN)
PortScan,Portscan(TCP-SYN)
PortScan,Portscan(TCP-SYN)
PortScan,Portscan(TCP-SYN)
PortScan,Portscan(TCP-SYN)
PortScan,Portscan(TCP-SYN)
PortScan,Portscan(TCP-SYN)
PortScan,Portscan(TCP-SYN)
PortScan,Portscan(TCP-SYN)
PortScan,Portscan(TCP-SYN)
PortScan,Portscan(TCP-SYN)
PortScan,Portscan(TCP-SYN)
PortScan,Portscan(TCP-SYN)
PortScan,Portscan(TCP-SYN)
PortScan,Portscan(TCP-SYN)
PortScan,Portscan(TCP-SYN)
PortScan,Portscan(TCP-SYN)
PortScan,Portscan(TCP-SYN)
PortScan,Portscan(TCP-SYN)
PortScan,Portscan(TCP-SYN)
PortScan,Portscan(TCP-SYN)
PortScan,Portscan(TCP-SYN)
PortScan,Portscan(TCP-SYN)
PortScan,Portscan(TCP-SYN)
PortScan,Portscan(TCP-SYN)
PortScan,Portscan(TCP-SYN)
PortScan,Portscan(TCP-SYN)
PortScan,Portscan(TCP-SYN)
PortScan,Portscan(TCP-SYN)
PortScan,Portscan(TCP-SYN)
PortScan,Portscan(TCP-SYN)
PortScan,Portscan(TCP-SYN)
PortScan,Portscan(TCP-SYN)
PortScan,Portscan(TCP-SYN)
PortScan,Portscan(TCP-SYN)
PortScan,Portscan(TCP-SYN)
PortScan,Portscan(TCP-SYN)
PortScan,Portscan(TCP-SYN)
PortScan,Portscan(TCP-SYN)
PortScan,Portscan(TCP-SYN)
PortScan,Portscan(TCP-SYN)
PortScan,Portscan(TCP-SYN)
PortScan,Portscan(TCP-SYN)
PortScan,Portscan(TCP-SYN)
PortScan,Portscan(TCP-SYN)
PortScan,Portscan(TCP-SYN)
PortScan,Portscan(TCP-SYN)
PortScan,Portscan(TCP-SYN)
PortScan,Portscan(TCP-SYN)
PortScan,Portscan(TCP-SYN)
PortScan,Portscan(TCP-SYN)
PortScan,Portscan(TCP-SYN)
PortScan,Portscan(TCP-SYN)
PortScan,Portscan(TCP-SYN)
PortScan,Portscan(TCP-SYN)
PortScan,Portscan(TCP-SYN)
PortScan,Portscan(TCP-SYN)
PortScan,Portscan(TCP-SYN)
PortScan,Portscan(TCP-SYN)
PortScan,Portscan(TCP-SYN)
PortScan,Portscan(TCP-SYN)
PortScan,Portscan(TCP-SYN)
PortScan,Portscan(TCP-SYN)
PortScan,Portscan(TCP-SYN)
PortScan,Portscan(TCP-SYN)
PortScan,Portscan(TCP-SYN)
PortScan,Portscan(TCP-SYN)
PortScan,Portscan(TCP-SYN)
PortScan,Portscan(TCP-SYN)
PortScan,Portscan(TCP-SYN)
PortScan,Portscan(TCP-SYN)
PortScan,Portscan(TCP-SYN)
PortScan,Portscan(TCP-SYN)
PortScan,Portscan(TCP-SYN)
PortScan,Portscan(TCP-SYN)
PortScan,Portscan(TCP-SYN)
PortScan,Portscan(TCP-SYN)
PortScan,Portscan(TCP-SYN)
PortScan,Portscan(TCP-SYN)
PortScan,Portscan(TCP-SYN)
PortScan,Portscan(TCP-SYN)
PortScan,Portscan(TCP-SYN)
PortScan,Portscan(TCP-SYN)
PortScan,Portscan(TCP-SYN)
PortScan,Portscan(TCP-SYN)
PortScan,Portscan(TCP-SYN)
PortScan,Portscan(TCP-SYN)
PortScan,Portscan(TCP-SYN)
PortScan,Portscan(TCP-SYN)
PortScan,Portscan(TCP-SYN)
PortScan,Portscan(TCP-SYN)
PortScan,Portscan(TCP-SYN)
PortScan,Portscan(TCP-SYN)
PortScan,Portscan(TCP-SYN)
PortScan,Portscan(TCP-SYN)
PortScan,Portscan(TCP-SYN)
PortScan,Portscan(TCP-SYN)
PortScan,Portscan(TCP-SYN)
PortScan,Portscan(TCP-SYN)
PortScan,Portscan(TCP-SYN)
PortScan,Portscan(TCP-SYN)
PortScan,Portscan(TCP-SYN)
PortScan,Portscan(TCP-SYN)
PortScan,Portscan(TCP-SYN)
PortScan,Portscan(TCP-SYN)
PortScan,Portscan(TCP-SYN)
PortScan,Portscan(TCP-SYN)
PortScan,Portscan(TCP-SYN)
PortScan,Portscan(TCP-SYN)
PortScan,Portscan(TCP-SYN)
PortScan,Portscan(TCP-SYN)
PortScan,Portscan(TCP-SYN)
PortScan,Portscan(TCP-SYN)
PortScan,Portscan(TCP-SYN)
PortScan,Portscan(TCP-SYN)
PortScan,Portscan(TCP-SYN)
PortScan,Portscan(TCP-SYN)
PortScan,Portscan(TCP-SYN)
PortScan,Portscan(TCP-SYN)
PortScan,Portscan(TCP-SYN)
PortScan,Portscan(TCP-SYN)
PortScan,Portscan(TCP-SYN)
PortScan,Portscan(TCP-SYN)
PortScan,Portscan(TCP-SYN)
PortScan,Portscan(TCP-SYN)
PortScan,Portscan(TCP-SYN)
PortScan,Portscan(TCP-SYN)
PortScan,Portscan(TCP-SYN)
PortScan,Portscan(TCP-SYN)
PortScan,Portscan(TCP-SYN)
PortScan,Portscan(TCP-SYN)
PortScan,Portscan(TCP-SYN)
PortScan,Portscan(TCP-SYN)
PortScan,Portscan(TCP-SYN)
PortScan,Portscan(TCP-SYN)
PortScan,Portscan(TCP-SYN)
PortScan,Portscan(TCP-SYN)
PortScan,Portscan(TCP-SYN)
PortScan,Portscan(TCP-SYN)
PortScan,Portscan(TCP-SYN)
PortScan,Portscan(TCP-SYN)
PortScan,Portscan(TCP-SYN)
PortScan,Portscan(TCP-SYN)
PortScan,Portscan(TCP-SYN)
PortScan,Portscan(TCP-SYN)
PortScan,Portscan(TCP-SYN)
PortScan,Portscan(TCP-SYN)
PortScan,Portscan(TCP-SYN)
PortScan,Portscan(TCP-SYN)
PortScan,Portscan(TCP-SYN)
PortScan,Portscan(TCP-SYN)
PortScan,Portscan(TCP-SYN)
PortScan,Portscan(TCP-SYN)
PortScan,Portscan(TCP-SYN)
PortScan,Portscan(TCP-SYN)
PortScan,Portscan(TCP-SYN)
PortScan,Portscan(TCP-SYN)
PortScan,Portscan(TCP-SYN)
PortScan,Portscan(TCP-SYN)
PortScan,Portscan(TCP-SYN)
PortScan,Portscan(TCP-SYN)
PortScan,Portscan(TCP-SYN)
PortScan,Portscan(TCP-SYN)
PortScan,Portscan(TCP-SYN)
PortScan,Portscan(TCP-SYN)
PortScan,Portscan(TCP-SYN)
PortScan,Portscan(TCP-SYN)
PortScan,Portscan(TCP-SYN)
PortScan,Portscan(TCP-SYN)
PortScan,Portscan(TCP-SYN)
PortScan,Portscan(TCP-SYN)
PortScan,Portscan(TCP-SYN)
PortScan,Portscan(TCP-SYN)
PortScan,Portscan(TCP-SYN)
PortScan,Portscan(TCP-SYN)
PortScan,Portscan(TCP-SYN)
PortScan,Portscan(TCP-SYN)
PortScan,Portscan(TCP-SYN)
PortScan,Portscan(TCP-SYN)
PortScan,Portscan(TCP-SYN)
PortScan,Portscan(TCP-SYN)
PortScan,Portscan(TCP-SYN)
PortScan,Portscan(TCP-SYN)
PortScan,Portscan(TCP-SYN)
PortScan,Portscan(TCP-SYN)
PortScan,Portscan(TCP-SYN)
PortScan,Portscan(TCP-SYN)
PortScan,Portscan(TCP-SYN)
PortScan,Portscan(TCP-SYN)
PortScan,Portscan(TCP-SYN)
PortScan,Portscan(TCP-SYN)
PortScan,Portscan(TCP-SYN)
PortScan,Portscan(TCP-SYN)
PortScan,Portscan(TCP-SYN)
PortScan,Portscan(TCP-SYN)
PortScan,Portscan(TCP-SYN)
PortScan,Portscan(TCP-SYN)
PortScan,Portscan(TCP-SYN)
PortScan,Portscan(TCP-SYN)
PortScan,Portscan(TCP-SYN)
PortScan,Portscan(TCP-SYN)
PortScan,Portscan(TCP-SYN)
PortScan,Portscan(TCP-SYN)
PortScan,Portscan(TCP-SYN)
PortScan,Portscan(TCP-SYN)
PortScan,Portscan(TCP-SYN)
PortScan,Portscan(TCP-SYN)
PortScan,Portscan(TCP-SYN)
PortScan,Portscan(TCP-SYN)
PortScan,Portscan(TCP-SYN)
PortScan,Portscan(TCP-SYN)
PortScan,Portscan(TCP-SYN)
PortScan,Portscan(TCP-SYN)
PortScan,Portscan(TCP-SYN)
PortScan,Portscan(TCP-SYN)
PortScan,Portscan(TCP-SYN)
PortScan,Portscan(TCP-SYN)
PortScan,Portscan(TCP-SYN)
PortScan,Portscan(TCP-SYN)
PortScan,Portscan(TCP-SYN)
PortScan,Portscan(TCP-SYN)
PortScan,Portscan(TCP-SYN)
PortScan,Portscan(TCP-SYN)
PortScan,Portscan(TCP-SYN)
PortScan,Portscan(TCP-SYN)
PortScan,Portscan(TCP-SYN)
PortScan,Portscan(TCP-SYN)
PortScan,Portscan(TCP-SYN)
PortScan,Portscan(TCP-SYN)
PortScan,Portscan(TCP-SYN)
PortScan,Portscan(TCP-SYN)
PortScan,Portscan(TCP-SYN)
PortScan,Portscan(TCP-SYN)
PortScan,Portscan(TCP-SYN)
PortScan,Portscan(TCP-SYN)
PortScan,Portscan(TCP-SYN)
PortScan,Portscan(TCP-SYN)
PortScan,Portscan(TCP-SYN)
PortScan,Portscan(TCP-SYN)
PortScan,Portscan(TCP-SYN)
PortScan,Portscan(TCP-SYN)
PortScan,Portscan(TCP-SYN)
PortScan,Portscan(TCP-SYN)
PortScan,Portscan(TCP-SYN)
PortScan,Portscan(TCP-SYN)
PortScan,Portscan(TCP-SYN)
PortScan,Portscan(TCP-SYN)
PortScan,Portscan(TCP-SYN)
PortScan,Portscan(TCP-SYN)
PortScan,Portscan(TCP-SYN)
PortScan,Portscan(TCP-SYN)
PortScan,Portscan(TCP-SYN)
PortScan,Portscan(TCP-SYN)
PortScan,Portscan(TCP-SYN)
PortScan,Portscan(TCP-SYN)
PortScan,Portscan(TCP-SYN)
PortScan,Portscan(TCP-SYN)
PortScan,Portscan(TCP-SYN)
PortScan,Portscan(TCP-SYN)
PortScan,Portscan(TCP-SYN)
PortScan,Portscan(TCP-SYN)
PortScan,Portscan(TCP-SYN)
PortScan,Portscan(TCP-SYN)
PortScan,Portscan(TCP-SYN)
PortScan,Portscan(TCP-SYN)
PortScan,Portscan(TCP-SYN)
PortScan,Portscan(TCP-SYN)
PortScan,Portscan(TCP-SYN)
PortScan,Portscan(TCP-SYN)
PortScan,Portscan(TCP-SYN)
PortScan,Portscan(TCP-SYN)
PortScan,Portscan(TCP-SYN)
PortScan,Portscan(TCP-SYN)
PortScan,Portscan(TCP-SYN)
PortScan,Portscan(TCP-SYN)
PortScan,Portscan(TCP-SYN)
PortScan,Portscan(TCP-SYN)
PortScan,Portscan(TCP-SYN)
PortScan,Portscan(TCP-SYN)
PortScan,Portscan(TCP-SYN)
PortScan,Portscan(TCP-SYN)
PortScan,Portscan(TCP-SYN)
PortScan,Portscan(TCP-SYN)
PortScan,Portscan(TCP-SYN)
PortScan,Portscan(TCP-SYN)
PortScan,Portscan(TCP-SYN)
PortScan,Portscan(TCP-SYN)
PortScan,Portscan(TCP-SYN)
PortScan,Portscan(TCP-SYN)
PortScan,Portscan(TCP-SYN)
PortScan,Portscan(TCP-SYN)
PortScan,Portscan(TCP-SYN)
PortScan,Portscan(TCP-SYN)
PortScan,Portscan(TCP-SYN)
PortScan,Portscan(TCP-SYN)
PortScan,Portscan(TCP-SYN)
PortScan,Portscan(TCP-SYN)
PortScan,Portscan(TCP-SYN)
PortScan,Portscan(TCP-SYN)
PortScan,Portscan(TCP-SYN)
PortScan,Portscan(TCP-SYN)
PortScan,Portscan(TCP-SYN)
PortScan,Portscan(TCP-SYN)
PortScan,Portscan(TCP-SYN)
PortScan,Portscan(TCP-SYN)
PortScan,Portscan(TCP-SYN)
PortScan,Portscan(TCP-SYN)
PortScan,Portscan(TCP-SYN)
PortScan,Portscan(TCP-SYN)
PortScan,Portscan(TCP-SYN)
PortScan,Portscan(TCP-SYN)
PortScan,Portscan(TCP-SYN)
PortScan,Portscan(TCP-SYN)
PortScan,Portscan(TCP-SYN)
PortScan,Portscan(TCP-SYN)
PortScan,Portscan(TCP-SYN)
PortScan,Portscan(TCP-SYN)
PortScan,Portscan(TCP-SYN)
PortScan,Portscan(TCP-SYN)
PortScan,Portscan(TCP-SYN)
PortScan,Portscan(TCP-SYN)
PortScan,Portscan(TCP-SYN)
PortScan,Portscan(TCP-SYN)
PortScan,Portscan(TCP-SYN)
PortScan,Portscan(TCP-SYN)
PortScan,Portscan(TCP-SYN)
PortScan,Portscan(TCP-SYN)
PortScan,Portscan(TCP-SYN)
PortScan,Portscan(TCP-SYN)
PortScan,Portscan(TCP-SYN)
PortScan,Portscan(TCP-SYN)
PortScan,Portscan(TCP-SYN)
PortScan,Portscan(TCP-SYN)
PortScan,Portscan(TCP-SYN)
PortScan,Portscan(TCP-SYN)
PortScan,Portscan(TCP-SYN)
PortScan,Portscan(TCP-SYN)
PortScan,Portscan(TCP-SYN)
PortScan,Portscan(TCP-SYN)
PortScan,Portscan(TCP-SYN)
PortScan,Portscan(TCP-SYN)
PortScan,Portscan(TCP-SYN)
PortScan,Portscan(TCP-SYN)
PortScan,Portscan(TCP-SYN)
PortScan,Portscan(TCP-SYN)
PortScan,Portscan(TCP-SYN)
PortScan,Portscan(TCP-SYN)
PortScan,Portscan(TCP-SYN)
PortScan,Portscan(TCP-SYN)
PortScan,Portscan(TCP-SYN)
PortScan,Portscan(TCP-SYN)
PortScan,Portscan(TCP-SYN)
PortScan,Portscan(TCP-SYN)
PortScan,Portscan(TCP-SYN)
PortScan,Portscan(TCP-SYN)
PortScan,Portscan(TCP-SYN)
PortScan,Portscan(TCP-SYN)
PortScan,Portscan(TCP-SYN)
PortScan,Portscan(TCP-SYN)
PortScan,Portscan(TCP-SYN)
PortScan,Portscan(TCP-SYN)
PortScan,Portscan(TCP-SYN)
PortScan,Portscan(TCP-SYN)
PortScan,Portscan(TCP-SYN)
PortScan,Portscan(TCP-SYN)
PortScan,Portscan(TCP-SYN)
PortScan,Portscan(TCP-SYN)
PortScan,Portscan(TCP-SYN)
PortScan,Portscan(TCP-SYN)
PortScan,Portscan(TCP-SYN)
PortScan,Portscan(TCP-SYN)
PortScan,Portscan(TCP-SYN)
PortScan,Portscan(TCP-SYN)
PortScan,Portscan(TCP-SYN)
PortScan,Portscan(TCP-SYN)
PortScan,Portscan(TCP-SYN)
PortScan,Portscan(TCP-SYN)
PortScan,Portscan(TCP-SYN)
PortScan,Portscan(TCP-SYN)
PortScan,Portscan(TCP-SYN)
PortScan,Portscan(TCP-SYN)
PortScan,Portscan(TCP-SYN)
PortScan,Portscan(TCP-SYN)
PortScan,Portscan(TCP-SYN)
PortScan,Portscan(TCP-SYN)
PortScan,Portscan(TCP-SYN)
PortScan,Portscan(TCP-SYN)
PortScan,Portscan(TCP-SYN)
PortScan,Portscan(TCP-SYN)
PortScan,Portscan(TCP-SYN)
PortScan,Portscan(TCP-SYN)
PortScan,Portscan(TCP-SYN)
PortScan,Portscan(TCP-SYN)
PortScan,Portscan(TCP-SYN)
PortScan,Portscan(TCP-SYN)
PortScan,Portscan(TCP-SYN)
PortScan,Portscan(TCP-SYN)
PortScan,Portscan(TCP-SYN)
PortScan,Portscan(TCP-SYN)
PortScan,Portscan(TCP-SYN)
PortScan,Portscan(TCP-SYN)
PortScan,Portscan(TCP-SYN)
PortScan,Portscan(TCP-SYN)
PortScan,Portscan(TCP-SYN)
PortScan,Portscan(TCP-SYN)
PortScan,Portscan(TCP-SYN)
PortScan,Portscan(TCP-SYN)
PortScan,Portscan(TCP-SYN)
PortScan,Portscan(TCP-SYN)
PortScan,Portscan(TCP-SYN)
PortScan,Portscan(TCP-SYN)
PortScan,Portscan(TCP-SYN)
PortScan,Portscan(TCP-SYN)
PortScan,Portscan(TCP-SYN)
PortScan,Portscan(TCP-SYN)
PortScan,Portscan(TCP-SYN)
PortScan,Portscan(TCP-SYN)
PortScan,Portscan(TCP-SYN)
PortScan,Portscan(TCP-SYN)
PortScan,Portscan(TCP-SYN)
PortScan,Portscan(TCP-SYN)
PortScan,Portscan(TCP-SYN)
PortScan,Portscan(TCP-SYN)
PortScan,Portscan(TCP-SYN)
PortScan,Portscan(TCP-SYN)
PortScan,Portscan(TCP-SYN)
PortScan,Portscan(TCP-SYN)
PortScan,Portscan(TCP-SYN)
PortScan,Portscan(TCP-SYN)
PortScan,Portscan(TCP-SYN)
PortScan,Portscan(TCP-SYN)
PortScan,Portscan(TCP-SYN)
PortScan,Portscan(TCP-SYN)
PortScan,Portscan(TCP-SYN)
PortScan,Portscan(TCP-SYN)
PortScan,Portscan(TCP-SYN)
PortScan,Portscan(TCP-SYN)
PortScan,Portscan(TCP-SYN)
PortScan,Portscan(TCP-SYN)
PortScan,Portscan(TCP-SYN)
PortScan,Portscan(TCP-SYN)
PortScan,Portscan(TCP-SYN)
PortScan,Portscan(TCP-SYN)
PortScan,Portscan(TCP-SYN)
PortScan,Portscan(TCP-SYN)
PortScan,Portscan(TCP-SYN)
PortScan,Portscan(TCP-SYN)
PortScan,Portscan(TCP-SYN)
PortScan,Portscan(TCP-SYN)
PortScan,Portscan(TCP-SYN)
PortScan,Portscan(TCP-SYN)
PortScan,Portscan(TCP-SYN)
PortScan,Portscan(TCP-SYN)
PortScan,Portscan(TCP-SYN)
PortScan,Portscan(TCP-SYN)
PortScan,Portscan(TCP-SYN)
PortScan,Portscan(TCP-SYN)
PortScan,Portscan(TCP-SYN)
PortScan,Portscan(TCP-SYN)
PortScan,Portscan(TCP-SYN)
PortScan,Portscan(TCP-SYN)
PortScan,Portscan(TCP-SYN)
PortScan,Portscan(TCP-SYN)
PortScan,Portscan(TCP-SYN)
PortScan,Portscan(TCP-SYN)
PortScan,Portscan(TCP-SYN)
PortScan,Portscan(TCP-SYN)
PortScan,Portscan(TCP-SYN)
PortScan,Portscan(TCP-SYN)
PortScan,Portscan(TCP-SYN)
PortScan,Portscan(TCP-SYN)
PortScan,Portscan(TCP-SYN)
PortScan,Portscan(TCP-SYN)
PortScan,Portscan(TCP-SYN)
PortScan,Portscan(TCP-SYN)
PortScan,Portscan(TCP-SYN)
PortScan,Portscan(TCP-SYN)
PortScan,Portscan(TCP-SYN)
PortScan,Portscan(TCP-SYN)
PortScan,Portscan(TCP-SYN)
PortScan,Portscan(TCP-SYN)
PortScan,Portscan(TCP-SYN)
PortScan,Portscan(TCP-SYN)
PortScan,Portscan(TCP-SYN)
PortScan,Portscan(TCP-SYN)
PortScan,Portscan(TCP-SYN)
PortScan,Portscan(TCP-SYN)
PortScan,Portscan(TCP-SYN)
PortScan,Portscan(TCP-SYN)
PortScan,Portscan(TCP-SYN)
PortScan,Portscan(TCP-SYN)
PortScan,Portscan(TCP-SYN)
PortScan,Portscan(TCP-SYN)
PortScan,Portscan(TCP-SYN)
PortScan,Portscan(TCP-SYN)
PortScan,Portscan(TCP-SYN)
PortScan,Portscan(TCP-SYN)
PortScan,Portscan(TCP-SYN)
PortScan,Portscan(TCP-SYN)
PortScan,Portscan(TCP-SYN)
PortScan,Portscan(TCP-SYN)
PortScan,Portscan(TCP-SYN)
PortScan,Portscan(TCP-SYN)
PortScan,Portscan(TCP-SYN)
PortScan,Portscan(TCP-SYN)
PortScan,Portscan(TCP-SYN)
PortScan,Portscan(TCP-SYN)
PortScan,Portscan(TCP-SYN)
PortScan,Portscan(TCP-SYN)
PortScan,Portscan(TCP-SYN)
PortScan,Portscan(TCP-SYN)
PortScan,Portscan(TCP-SYN)
PortScan,Portscan(TCP-SYN)
PortScan,Portscan(TCP-SYN)
PortScan,Portscan(TCP-SYN)
PortScan,Portscan(TCP-SYN)
PortScan,Portscan(TCP-SYN)
PortScan,Portscan(TCP-SYN)
PortScan,Portscan(TCP-SYN)
PortScan,Portscan(TCP-SYN)
PortScan,Portscan(TCP-SYN)
PortScan,Portscan(TCP-SYN)
PortScan,Portscan(TCP-SYN)
PortScan,Portscan(TCP-SYN)
PortScan,Portscan(TCP-SYN)
PortScan,Portscan(TCP-SYN)
PortScan,Portscan(TCP-SYN)
PortScan,Portscan(TCP-SYN)
PortScan,Portscan(TCP-SYN)
PortScan,Portscan(TCP-SYN)
PortScan,Portscan(TCP-SYN)
PortScan,Portscan(TCP-SYN)
PortScan,Portscan(TCP-SYN)
PortScan,Portscan(TCP-SYN)
PortScan,Portscan(TCP-SYN)
PortScan,Portscan(TCP-SYN)
PortScan,Portscan(TCP-SYN)
PortScan,Portscan(TCP-SYN)
PortScan,Portscan(TCP-SYN)
PortScan,Portscan(TCP-SYN)
PortScan,Portscan(TCP-SYN)
PortScan,Portscan(TCP-SYN)
PortScan,Portscan(TCP-SYN)
PortScan,Portscan(TCP-SYN)
PortScan,Portscan(TCP-SYN)
PortScan,Portscan(TCP-SYN)
PortScan,Portscan(TCP-SYN)
PortScan,Portscan(TCP-SYN)
PortScan,Portscan(TCP-SYN)
PortScan,Portscan(TCP-SYN)
PortScan,Portscan(TCP-SYN)
PortScan,Portscan(TCP-SYN)
PortScan,Portscan(TCP-SYN)
PortScan,Portscan(TCP-SYN)
PortScan,Portscan(TCP-SYN)
PortScan,Portscan(TCP-SYN)
PortScan,Portscan(TCP-SYN)
PortScan,Portscan(TCP-SYN)
PortScan,Portscan(TCP-SYN)
PortScan,Portscan(TCP-SYN)
PortScan,Portscan(TCP-SYN)
PortScan,Portscan(TCP-SYN)
PortScan,Portscan(TCP-SYN)
PortScan,Portscan(TCP-SYN)
PortScan,Portscan(TCP-SYN)
PortScan,Portscan(TCP-SYN)
PortScan,Portscan(TCP-SYN)
PortScan,Portscan(TCP-SYN)
PortScan,Portscan(TCP-SYN)
PortScan,Portscan(TCP-SYN)
PortScan,Portscan(TCP-SYN)
PortScan,Portscan(TCP-SYN)
PortScan,Portscan(TCP-SYN)
PortScan,Portscan(TCP-SYN)
PortScan,Portscan(TCP-SYN)
PortScan,Portscan(TCP-SYN)
PortScan,Portscan(TCP-SYN)
PortScan,Portscan(TCP-SYN)
PortScan,Portscan(TCP-SYN)
PortScan,Portscan(TCP-SYN)
PortScan,Portscan(TCP-SYN)
PortScan,Portscan(TCP-SYN)
PortScan,Portscan(TCP-SYN)
PortScan,Portscan(TCP-SYN)
PortScan,Portscan(TCP-SYN)
PortScan,Portscan(TCP-SYN)
PortScan,Portscan(TCP-SYN)
PortScan,Portscan(TCP-SYN)
PortScan,Portscan(TCP-SYN)
PortScan,Portscan(TCP-SYN)
PortScan,Portscan(TCP-SYN)
PortScan,Portscan(TCP-SYN)
PortScan,Portscan(TCP-SYN)
PortScan,Portscan(TCP-SYN)
PortScan,Portscan(TCP-SYN)
PortScan,Portscan(TCP-SYN)
PortScan,Portscan(TCP-SYN)
PortScan,Portscan(TCP-SYN)
PortScan,Portscan(TCP-SYN)
PortScan,Portscan(TCP-SYN)
PortScan,Portscan(TCP-SYN)
PortScan,Portscan(TCP-SYN)
PortScan,Portscan(TCP-SYN)
PortScan,Portscan(TCP-SYN)
PortScan,Portscan(TCP-SYN)
PortScan,Portscan(TCP-SYN)
PortScan,Portscan(TCP-SYN)
PortScan,Portscan(TCP-SYN)
PortScan,Portscan(TCP-SYN)
PortScan,Portscan(TCP-SYN)
PortScan,Portscan(TCP-SYN)
PortScan,Portscan(TCP-SYN)
PortScan,Portscan(TCP-SYN)
PortScan,Portscan(TCP-SYN)
PortScan,Portscan(TCP-SYN)
PortScan,Portscan(TCP-SYN)
PortScan,Portscan(TCP-SYN)
PortScan,Portscan(TCP-SYN)
PortScan,Portscan(TCP-SYN)
PortScan,Portscan(TCP-SYN)
PortScan,Portscan(TCP-SYN)
PortScan,Portscan(TCP-SYN)
PortScan,Portscan(TCP-SYN)
PortScan,Portscan(TCP-SYN)
PortScan,Portscan(TCP-SYN)
PortScan,Portscan(TCP-SYN)
PortScan,Portscan(TCP-SYN)
PortScan,Portscan(TCP-SYN)
PortScan,Portscan(TCP-SYN)
PortScan,Portscan(TCP-SYN)
PortScan,Portscan(TCP-SYN)
PortScan,BENIGN
PortScan,Portscan(TCP)
PortScan,Portscan(TCP)
PortScan,Portscan(TCP)
BENIGN,Portscan(TCP)
PortScan,Portscan(TCP-SYN)
PortScan,Portscan(TCP-SYN)
PortScan,Portscan(TCP-SYN)
PortScan,Portscan(TCP-SYN)
PortScan,Portscan(TCP-SYN)
PortScan,Portscan(TCP-SYN)
PortScan,Portscan(TCP-SYN)
PortScan,Portscan(TCP-SYN)
PortScan,Portscan(TCP-SYN)
PortScan,Portscan(TCP-SYN)
PortScan,Portscan(TCP-SYN)
PortScan,Portscan(TCP-SYN)
PortScan,Portscan(TCP-SYN)
PortScan,Portscan(TCP-SYN)
PortScan,Portscan(TCP-SYN)
PortScan,Portscan(TCP-SYN)
PortScan,Portscan(TCP-SYN)
PortScan,Portscan(TCP-SYN)
PortScan,Portscan(TCP-SYN)
PortScan,Portscan(TCP-SYN)
PortScan,Portscan(TCP-SYN)
PortScan,Portscan(TCP-SYN)
PortScan,Portscan(TCP-SYN)
PortScan,Portscan(TCP-SYN)
PortScan,Portscan(TCP-SYN)
PortScan,Portscan(TCP-SYN)
PortScan,Portscan(TCP-SYN)
PortScan,Portscan(TCP-SYN)
PortScan,Portscan(TCP-SYN)
PortScan,Portscan(TCP-SYN)
PortScan,Portscan(TCP-SYN)
PortScan,Portscan(TCP-SYN)
PortScan,Portscan(TCP-SYN)
PortScan,Portscan(TCP-SYN)
PortScan,Portscan(TCP-SYN)
PortScan,Portscan(TCP-SYN)
PortScan,Portscan(TCP-SYN)
PortScan,Portscan(TCP-SYN)
PortScan,Portscan(TCP-SYN)
PortScan,Portscan(TCP-SYN)
PortScan,Portscan(TCP-SYN)
PortScan,Portscan(TCP-SYN)
PortScan,Portscan(TCP-SYN)
PortScan,Portscan(TCP-SYN)
PortScan,Portscan(TCP-SYN)
PortScan,Portscan(TCP-SYN)
PortScan,Portscan(TCP-SYN)
PortScan,Portscan(TCP-SYN)
PortScan,Portscan(TCP-SYN)
PortScan,Portscan(TCP-SYN)
PortScan,Portscan(TCP-SYN)
PortScan,Portscan(TCP-SYN)
PortScan,Portscan(TCP-SYN)
PortScan,Portscan(TCP-SYN)
PortScan,Portscan(TCP-SYN)
PortScan,Portscan(TCP-SYN)
PortScan,Portscan(TCP-SYN)
PortScan,Portscan(TCP-SYN)
PortScan,Portscan(TCP-SYN)
PortScan,Portscan(TCP-SYN)
PortScan,Portscan(TCP-SYN)
PortScan,Portscan(TCP-SYN)
PortScan,Portscan(TCP-SYN)
PortScan,Portscan(TCP-SYN)
PortScan,Portscan(TCP-SYN)
PortScan,Portscan(TCP-SYN)
PortScan,Portscan(TCP-SYN)
PortScan,Portscan(TCP-SYN)
PortScan,Portscan(TCP-SYN)
PortScan,Portscan(TCP-SYN)
PortScan,Portscan(TCP-SYN)
PortScan,Portscan(TCP-SYN)
PortScan,Portscan(TCP-SYN)
PortScan,Portscan(TCP-SYN)
PortScan,Portscan(TCP-SYN)
PortScan,Portscan(TCP-SYN)
PortScan,Portscan(TCP-SYN)
PortScan,Portscan(TCP-SYN)
PortScan,Portscan(TCP-SYN)
PortScan,Portscan(TCP-SYN)
PortScan,Portscan(TCP-SYN)
PortScan,Portscan(TCP-SYN)
PortScan,Portscan(TCP-SYN)
PortScan,Portscan(TCP-SYN)
PortScan,Portscan(TCP-SYN)
PortScan,Portscan(TCP-SYN)
PortScan,Portscan(TCP-SYN)
PortScan,Portscan(TCP-SYN)
PortScan,Portscan(TCP-SYN)
PortScan,Portscan(TCP-SYN)
PortScan,Portscan(TCP-SYN)
PortScan,Portscan(TCP-SYN)
PortScan,Portscan(TCP-SYN)
PortScan,Portscan(TCP-SYN)
PortScan,Portscan(TCP-SYN)
PortScan,Portscan(TCP-SYN)
PortScan,Portscan(TCP-SYN)
PortScan,Portscan(TCP-SYN)
PortScan,Portscan(TCP-SYN)
PortScan,Portscan(TCP-SYN)
PortScan,Portscan(TCP-SYN)
PortScan,Portscan(TCP-SYN)
PortScan,Portscan(TCP-SYN)
PortScan,Portscan(TCP-SYN)
PortScan,Portscan(TCP-SYN)
PortScan,Portscan(TCP-SYN)
PortScan,Portscan(TCP-SYN)
PortScan,Portscan(TCP-SYN)
PortScan,Portscan(TCP-SYN)
PortScan,Portscan(TCP-SYN)
PortScan,Portscan(TCP-SYN)
PortScan,Portscan(TCP-SYN)
PortScan,Portscan(TCP-SYN)
PortScan,Portscan(TCP-SYN)
PortScan,Portscan(TCP-SYN)
PortScan,Portscan(TCP-SYN)
PortScan,Portscan(TCP-SYN)
PortScan,Portscan(TCP-SYN)
PortScan,Portscan(TCP-SYN)
PortScan,Portscan(TCP-SYN)
PortScan,Portscan(TCP-SYN)
PortScan,Portscan(TCP-SYN)
PortScan,Portscan(TCP-SYN)
PortScan,Portscan(TCP-SYN)
PortScan,Portscan(TCP-SYN)
PortScan,Portscan(TCP-SYN)
PortScan,Portscan(TCP-SYN)
PortScan,Portscan(TCP-SYN)
PortScan,Portscan(TCP-SYN)
PortScan,Portscan(TCP-SYN)
PortScan,Portscan(TCP-SYN)
PortScan,Portscan(TCP-SYN)
PortScan,Portscan(TCP-SYN)
PortScan,Portscan(TCP-SYN)
PortScan,Portscan(TCP-SYN)
PortScan,Portscan(TCP-SYN)
PortScan,Portscan(TCP-SYN)
PortScan,Portscan(TCP-SYN)
PortScan,Portscan(TCP-SYN)
PortScan,Portscan(TCP-SYN)
PortScan,Portscan(TCP-SYN)
PortScan,Portscan(TCP-SYN)
PortScan,Portscan(TCP-SYN)
PortScan,Portscan(TCP-SYN)
PortScan,Portscan(TCP-SYN)
PortScan,Portscan(TCP-SYN)
PortScan,Portscan(TCP-SYN)
PortScan,Portscan(TCP-SYN)
PortScan,Portscan(TCP-SYN)
PortScan,Portscan(TCP-SYN)
PortScan,Portscan(TCP-SYN)
PortScan,Portscan(TCP-SYN)
PortScan,Portscan(TCP-SYN)
PortScan,Portscan(TCP-SYN)
PortScan,Portscan(TCP-SYN)
PortScan,Portscan(TCP-SYN)
PortScan,Portscan(TCP-SYN)
PortScan,Portscan(TCP-SYN)
PortScan,Portscan(TCP-SYN)
PortScan,Portscan(TCP-SYN)
PortScan,Portscan(TCP-SYN)
PortScan,Portscan(TCP-SYN)
PortScan,Portscan(TCP-SYN)
PortScan,Portscan(TCP-SYN)
PortScan,Portscan(TCP-SYN)
PortScan,Portscan(TCP-SYN)
PortScan,Portscan(TCP-SYN)
PortScan,Portscan(TCP-SYN)
PortScan,Portscan(TCP-SYN)
PortScan,Portscan(TCP-SYN)
PortScan,Portscan(TCP-SYN)
PortScan,Portscan(TCP-SYN)
PortScan,Portscan(TCP-SYN)
PortScan,Portscan(TCP-SYN)
PortScan,Portscan(TCP-SYN)
PortScan,Portscan(TCP-SYN)
PortScan,Portscan(TCP-SYN)
PortScan,Portscan(TCP-SYN)
PortScan,Portscan(TCP-SYN)
PortScan,Portscan(TCP-SYN)
PortScan,Portscan(TCP-SYN)
PortScan,Portscan(TCP-SYN)
PortScan,Portscan(TCP-SYN)
PortScan,Portscan(TCP-SYN)
PortScan,Portscan(TCP-SYN)
PortScan,Portscan(TCP-SYN)
PortScan,Portscan(TCP-SYN)
PortScan,Portscan(TCP-SYN)
PortScan,Portscan(TCP-SYN)
PortScan,Portscan(TCP-SYN)
PortScan,Portscan(TCP-SYN)
PortScan,Portscan(TCP-SYN)
PortScan,Portscan(TCP-SYN)
PortScan,Portscan(TCP-SYN)
PortScan,Portscan(TCP-SYN)
PortScan,Portscan(TCP-SYN)
PortScan,Portscan(TCP-SYN)
PortScan,Portscan(TCP-SYN)
PortScan,Portscan(TCP-SYN)
PortScan,Portscan(TCP-SYN)
PortScan,Portscan(TCP-SYN)
PortScan,Portscan(TCP-SYN)
PortScan,Portscan(TCP-SYN)
PortScan,Portscan(TCP-SYN)
PortScan,Portscan(TCP-SYN)
PortScan,Portscan(TCP-SYN)
PortScan,Portscan(TCP-SYN)
PortScan,Portscan(TCP-SYN)
PortScan,Portscan(TCP-SYN)
PortScan,Portscan(TCP-SYN)
PortScan,Portscan(TCP-SYN)
PortScan,Portscan(TCP-SYN)
PortScan,Portscan(TCP-SYN)
PortScan,Portscan(TCP-SYN)
PortScan,Portscan(TCP-SYN)
PortScan,Portscan(TCP-SYN)
PortScan,Portscan(TCP-SYN)
PortScan,Portscan(TCP-SYN)
PortScan,Portscan(TCP-SYN)
PortScan,Portscan(TCP-SYN)
PortScan,Portscan(TCP-SYN)
PortScan,Portscan(TCP-SYN)
PortScan,Portscan(TCP-SYN)
PortScan,Portscan(TCP-SYN)
PortScan,Portscan(TCP-SYN)
PortScan,Portscan(TCP-SYN)
PortScan,Portscan(TCP-SYN)
PortScan,Portscan(TCP-SYN)
PortScan,Portscan(TCP-SYN)
PortScan,Portscan(TCP-SYN)
PortScan,Portscan(TCP-SYN)
PortScan,Portscan(TCP-SYN)
PortScan,Portscan(TCP-SYN)
PortScan,Portscan(TCP-SYN)
PortScan,Portscan(TCP-SYN)
PortScan,Portscan(TCP-SYN)
PortScan,Portscan(TCP-SYN)
PortScan,Portscan(TCP-SYN)
PortScan,Portscan(TCP-SYN)
PortScan,Portscan(TCP-SYN)
PortScan,Portscan(TCP-SYN)
PortScan,Portscan(TCP-SYN)
PortScan,Portscan(TCP-SYN)
PortScan,Portscan(TCP-SYN)
PortScan,Portscan(TCP-SYN)
PortScan,Portscan(TCP-SYN)
PortScan,Portscan(TCP-SYN)
PortScan,Portscan(TCP-SYN)
PortScan,Portscan(TCP-SYN)
PortScan,Portscan(TCP-SYN)
PortScan,Portscan(TCP-SYN)
PortScan,Portscan(TCP-SYN)
PortScan,Portscan(TCP-SYN)
PortScan,Portscan(TCP-SYN)
PortScan,Portscan(TCP-SYN)
PortScan,Portscan(TCP-SYN)
PortScan,Portscan(TCP-SYN)
PortScan,Portscan(TCP-SYN)
PortScan,Portscan(TCP-SYN)
PortScan,Portscan(TCP-SYN)
PortScan,Portscan(TCP-SYN)
PortScan,Portscan(TCP-SYN)
PortScan,Portscan(TCP-SYN)
PortScan,Portscan(TCP-SYN)
PortScan,Portscan(TCP-SYN)
PortScan,Portscan(TCP-SYN)
PortScan,Portscan(TCP-SYN)
PortScan,Portscan(TCP-SYN)
PortScan,Portscan(TCP-SYN)
PortScan,Portscan(TCP-SYN)
PortScan,Portscan(TCP-SYN)
PortScan,Portscan(TCP-SYN)
PortScan,Portscan(TCP-SYN)
PortScan,Portscan(TCP-SYN)
PortScan,Portscan(TCP-SYN)
PortScan,Portscan(TCP-SYN)
PortScan,Portscan(TCP-SYN)
PortScan,Portscan(TCP-SYN)
PortScan,Portscan(TCP-SYN)
PortScan,Portscan(TCP-SYN)
PortScan,Portscan(TCP-SYN)
PortScan,Portscan(TCP-SYN)
PortScan,Portscan(TCP-SYN)
PortScan,Portscan(TCP-SYN)
PortScan,Portscan(TCP-SYN)
PortScan,Portscan(TCP-SYN)
PortScan,Portscan(TCP-SYN)
PortScan,Portscan(TCP-SYN)
PortScan,Portscan(TCP-SYN)
PortScan,Portscan(TCP-SYN)
PortScan,Portscan(TCP-SYN)
PortScan,Portscan(TCP-SYN)
PortScan,Portscan(TCP-SYN)
PortScan,Portscan(TCP-SYN)
PortScan,Portscan(TCP-SYN)
PortScan,Portscan(TCP-SYN)
PortScan,Portscan(TCP-SYN)
PortScan,Portscan(TCP-SYN)
PortScan,Portscan(TCP-SYN)
PortScan,Portscan(TCP-SYN)
PortScan,Portscan(TCP-SYN)
PortScan,Portscan(TCP-SYN)
PortScan,Portscan(TCP-SYN)
PortScan,Portscan(TCP-SYN)
PortScan,Portscan(TCP-SYN)
PortScan,Portscan(TCP-SYN)
PortScan,Portscan(TCP-SYN)
PortScan,Portscan(TCP-SYN)
PortScan,Portscan(TCP-SYN)
PortScan,Portscan(TCP-SYN)
PortScan,Portscan(TCP-SYN)
PortScan,Portscan(TCP-SYN)
PortScan,Portscan(TCP-SYN)
PortScan,Portscan(TCP-SYN)
PortScan,Portscan(TCP-SYN)
PortScan,Portscan(TCP-SYN)
PortScan,Portscan(TCP-SYN)
PortScan,Portscan(TCP-SYN)
PortScan,Portscan(TCP-SYN)
PortScan,Portscan(TCP-SYN)
PortScan,Portscan(TCP-SYN)
PortScan,Portscan(TCP-SYN)
PortScan,Portscan(TCP-SYN)
PortScan,Portscan(TCP-SYN)
PortScan,Portscan(TCP-SYN)
PortScan,Portscan(TCP-SYN)
PortScan,Portscan(TCP-SYN)
PortScan,Portscan(TCP-SYN)
PortScan,Portscan(TCP-SYN)
PortScan,Portscan(TCP-SYN)
PortScan,Portscan(TCP-SYN)
PortScan,Portscan(TCP-SYN)
PortScan,Portscan(TCP-SYN)
PortScan,Portscan(TCP-SYN)
PortScan,Portscan(TCP-SYN)
PortScan,Portscan(TCP-SYN)
PortScan,Portscan(TCP-SYN)
PortScan,Portscan(TCP-SYN)
PortScan,Portscan(TCP-SYN)
PortScan,Portscan(TCP-SYN)
PortScan,Portscan(TCP-SYN)
PortScan,Portscan(TCP-SYN)
PortScan,Portscan(TCP-SYN)
PortScan,Portscan(TCP-SYN)
PortScan,Portscan(TCP-SYN)
PortScan,Portscan(TCP-SYN)
PortScan,Portscan(TCP-SYN)
PortScan,Portscan(TCP-SYN)
PortScan,Portscan(TCP-SYN)
PortScan,Portscan(TCP-SYN)
PortScan,Portscan(TCP-SYN)
PortScan,Portscan(TCP-SYN)
PortScan,Portscan(TCP-SYN)
PortScan,Portscan(TCP-SYN)
PortScan,Portscan(TCP-SYN)
PortScan,Portscan(TCP-SYN)
PortScan,Portscan(TCP-SYN)
PortScan,Portscan(TCP-SYN)
PortScan,Portscan(TCP-SYN)
PortScan,Portscan(TCP-SYN)
PortScan,Portscan(TCP-SYN)
PortScan,Portscan(TCP-SYN)
PortScan,Portscan(TCP-SYN)
PortScan,Portscan(TCP-SYN)
PortScan,Portscan(TCP-SYN)
PortScan,Portscan(TCP-SYN)
PortScan,Portscan(TCP-SYN)
PortScan,Portscan(TCP-SYN)
PortScan,Portscan(TCP-SYN)
PortScan,Portscan(TCP-SYN)
PortScan,Portscan(TCP-SYN)
PortScan,Portscan(TCP-SYN)
PortScan,Portscan(TCP-SYN)
PortScan,Portscan(TCP-SYN)
PortScan,Portscan(TCP-SYN)
PortScan,Portscan(TCP-SYN)
PortScan,Portscan(TCP-SYN)
PortScan,Portscan(TCP-SYN)
PortScan,Portscan(TCP-SYN)
PortScan,Portscan(TCP-SYN)
PortScan,Portscan(TCP-SYN)
PortScan,Portscan(TCP-SYN)
PortScan,Portscan(TCP-SYN)
PortScan,Portscan(TCP-SYN)
PortScan,Portscan(TCP-SYN)
PortScan,Portscan(TCP-SYN)
PortScan,Portscan(TCP-SYN)
PortScan,Portscan(TCP-SYN)
PortScan,Portscan(TCP-SYN)
PortScan,Portscan(TCP-SYN)
PortScan,Portscan(TCP-SYN)
PortScan,Portscan(TCP-SYN)
PortScan,Portscan(TCP-SYN)
PortScan,Portscan(TCP-SYN)
PortScan,Portscan(TCP-SYN)
PortScan,Portscan(TCP-SYN)
PortScan,Portscan(TCP-SYN)
PortScan,Portscan(TCP-SYN)
PortScan,Portscan(TCP-SYN)
PortScan,Portscan(TCP-SYN)
PortScan,Portscan(TCP-SYN)
PortScan,Portscan(TCP-SYN)
PortScan,Portscan(TCP-SYN)
PortScan,Portscan(TCP-SYN)
PortScan,Portscan(TCP-SYN)
PortScan,Portscan(TCP-SYN)
PortScan,Portscan(TCP-SYN)
PortScan,Portscan(TCP-SYN)
PortScan,Portscan(TCP-SYN)
PortScan,Portscan(TCP-SYN)
PortScan,Portscan(TCP-SYN)
PortScan,Portscan(TCP-SYN)
PortScan,Portscan(TCP-SYN)
PortScan,Portscan(TCP-SYN)
PortScan,Portscan(TCP-SYN)
PortScan,Portscan(TCP-SYN)
PortScan,Portscan(TCP-SYN)
PortScan,Portscan(TCP-SYN)
PortScan,Portscan(TCP-SYN)
PortScan,Portscan(TCP-SYN)
PortScan,Portscan(TCP-SYN)
PortScan,Portscan(TCP-SYN)
PortScan,Portscan(TCP-SYN)
PortScan,Portscan(TCP-SYN)
PortScan,Portscan(TCP-SYN)
PortScan,Portscan(TCP-SYN)
PortScan,Portscan(TCP-SYN)
PortScan,Portscan(TCP-SYN)
PortScan,Portscan(TCP-SYN)
PortScan,Portscan(TCP-SYN)
PortScan,Portscan(TCP-SYN)
PortScan,Portscan(TCP-SYN)
PortScan,Portscan(TCP-SYN)
PortScan,Portscan(TCP-SYN)
PortScan,Portscan(TCP-SYN)
PortScan,Portscan(TCP-SYN)
PortScan,Portscan(TCP-SYN)
PortScan,Portscan(TCP-SYN)
PortScan,Portscan(TCP-SYN)
PortScan,Portscan(TCP-SYN)
PortScan,Portscan(TCP-SYN)
PortScan,Portscan(TCP-SYN)
PortScan,Portscan(TCP-SYN)
PortScan,Portscan(TCP-SYN)
PortScan,Portscan(TCP-SYN)
PortScan,Portscan(TCP-SYN)
PortScan,Portscan(TCP-SYN)
PortScan,Portscan(TCP-SYN)
PortScan,Portscan(TCP-SYN)
PortScan,Portscan(TCP-SYN)
PortScan,Portscan(TCP-SYN)
PortScan,Portscan(TCP-SYN)
PortScan,Portscan(TCP-SYN)
PortScan,Portscan(TCP-SYN)
PortScan,Portscan(TCP-SYN)
PortScan,Portscan(TCP-SYN)
PortScan,Portscan(TCP-SYN)
PortScan,Portscan(TCP-SYN)
PortScan,Portscan(TCP-SYN)
PortScan,Portscan(TCP-SYN)
PortScan,Portscan(TCP-SYN)
PortScan,Portscan(TCP-SYN)
PortScan,Portscan(TCP-SYN)
PortScan,Portscan(TCP-SYN)
PortScan,Portscan(TCP-SYN)
PortScan,Portscan(TCP-SYN)
PortScan,Portscan(TCP-SYN)
PortScan,Portscan(TCP-SYN)
PortScan,Portscan(TCP-SYN)
PortScan,Portscan(TCP-SYN)
PortScan,Portscan(TCP-SYN)
PortScan,Portscan(TCP-SYN)
PortScan,Portscan(TCP-SYN)
PortScan,Portscan(TCP-SYN)
PortScan,Portscan(TCP-SYN)
PortScan,Portscan(TCP-SYN)
PortScan,Portscan(TCP-SYN)
PortScan,Portscan(TCP-SYN)
PortScan,Portscan(TCP-SYN)
PortScan,Portscan(TCP-SYN)
PortScan,Portscan(TCP-SYN)
PortScan,Portscan(TCP-SYN)
PortScan,Portscan(TCP-SYN)
PortScan,Portscan(TCP-SYN)
PortScan,Portscan(TCP-SYN)
PortScan,Portscan(TCP-SYN)
PortScan,Portscan(TCP-SYN)
PortScan,Portscan(TCP-SYN)
PortScan,Portscan(TCP-SYN)
PortScan,Portscan(TCP-SYN)
PortScan,Portscan(TCP-SYN)
PortScan,Portscan(TCP-SYN)
PortScan,Portscan(TCP-SYN)
PortScan,Portscan(TCP-SYN)
PortScan,Portscan(TCP-SYN)
PortScan,Portscan(TCP-SYN)
PortScan,Portscan(TCP-SYN)
PortScan,Portscan(TCP-SYN)
PortScan,Portscan(TCP-SYN)
PortScan,Portscan(TCP-SYN)
PortScan,Portscan(TCP-SYN)
PortScan,Portscan(TCP-SYN)
PortScan,Portscan(TCP-SYN)
PortScan,Portscan(TCP-SYN)
PortScan,Portscan(TCP-SYN)
PortScan,Portscan(TCP-SYN)
PortScan,Portscan(TCP-SYN)
PortScan,Portscan(TCP-SYN)
PortScan,Portscan(TCP-SYN)
PortScan,Portscan(TCP-SYN)
PortScan,Portscan(TCP-SYN)
PortScan,Portscan(TCP-SYN)
PortScan,Portscan(TCP-SYN)
PortScan,Portscan(TCP-SYN)
PortScan,Portscan(TCP-SYN)
PortScan,Portscan(TCP-SYN)
PortScan,Portscan(TCP-SYN)
PortScan,Portscan(TCP-SYN)
PortScan,Portscan(TCP-SYN)
PortScan,Portscan(TCP-SYN)
PortScan,Portscan(TCP-SYN)
PortScan,Portscan(TCP-SYN)
PortScan,Portscan(TCP-SYN)
PortScan,Portscan(TCP-SYN)
PortScan,Portscan(TCP-SYN)
PortScan,Portscan(TCP-SYN)
PortScan,Portscan(TCP-SYN)
PortScan,Portscan(TCP-SYN)
PortScan,Portscan(TCP-SYN)
PortScan,Portscan(TCP-SYN)
PortScan,Portscan(TCP-SYN)
PortScan,Portscan(TCP-SYN)
PortScan,Portscan(TCP-SYN)
PortScan,Portscan(TCP-SYN)
PortScan,Portscan(TCP-SYN)
PortScan,Portscan(TCP-SYN)
PortScan,Portscan(TCP-SYN)
PortScan,Portscan(TCP-SYN)
PortScan,Portscan(TCP-SYN)
PortScan,Portscan(TCP-SYN)
PortScan,Portscan(TCP-SYN)
PortScan,Portscan(TCP-SYN)
PortScan,Portscan(TCP-SYN)
PortScan,Portscan(TCP-SYN)
PortScan,Portscan(TCP-SYN)
PortScan,Portscan(TCP-SYN)
PortScan,Portscan(TCP-SYN)
PortScan,Portscan(TCP-SYN)
PortScan,Portscan(TCP-SYN)
PortScan,Portscan(TCP-SYN)
PortScan,Portscan(TCP-SYN)
PortScan,Portscan(TCP-SYN)
PortScan,Portscan(TCP-SYN)
PortScan,Portscan(TCP-SYN)
PortScan,Portscan(TCP-SYN)
PortScan,Portscan(TCP-SYN)
PortScan,Portscan(TCP-SYN)
PortScan,Portscan(TCP-SYN)
PortScan,Portscan(TCP-SYN)
PortScan,Portscan(TCP-SYN)
PortScan,Portscan(TCP-SYN)
PortScan,Portscan(TCP-SYN)
PortScan,Portscan(TCP-SYN)
PortScan,Portscan(TCP-SYN)
PortScan,Portscan(TCP-SYN)
PortScan,Portscan(TCP-SYN)
PortScan,Portscan(TCP-SYN)
PortScan,Portscan(TCP-SYN)
PortScan,Portscan(TCP-SYN)
PortScan,Portscan(TCP-SYN)
PortScan,Portscan(TCP-SYN)
PortScan,Portscan(TCP-SYN)
PortScan,Portscan(TCP-SYN)
PortScan,Portscan(TCP-SYN)
PortScan,Portscan(TCP-SYN)
PortScan,Portscan(TCP-SYN)
PortScan,Portscan(TCP-SYN)
PortScan,Portscan(TCP-SYN)
PortScan,Portscan(TCP-SYN)
PortScan,Portscan(TCP-SYN)
PortScan,Portscan(TCP-SYN)
PortScan,Portscan(TCP-SYN)
PortScan,Portscan(TCP-SYN)
PortScan,Portscan(TCP-SYN)
PortScan,Portscan(TCP-SYN)
PortScan,Portscan(TCP-SYN)
PortScan,Portscan(TCP-SYN)
PortScan,Portscan(TCP-SYN)
PortScan,Portscan(TCP-SYN)
PortScan,Portscan(TCP-SYN)
PortScan,Portscan(TCP-SYN)
PortScan,Portscan(TCP-SYN)
PortScan,Portscan(TCP-SYN)
PortScan,Portscan(TCP-SYN)
PortScan,Portscan(TCP-SYN)
PortScan,Portscan(TCP-SYN)
PortScan,Portscan(TCP-SYN)
PortScan,Portscan(TCP-SYN)
PortScan,Portscan(TCP-SYN)
PortScan,Portscan(TCP-SYN)
PortScan,Portscan(TCP-SYN)
PortScan,Portscan(TCP-SYN)
PortScan,Portscan(TCP-SYN)
PortScan,Portscan(TCP-SYN)
PortScan,Portscan(TCP-SYN)
PortScan,Portscan(TCP-SYN)
PortScan,Portscan(TCP-SYN)
PortScan,Portscan(TCP-SYN)
PortScan,Portscan(TCP-SYN)
PortScan,Portscan(TCP-SYN)
PortScan,Portscan(TCP-SYN)
PortScan,Portscan(TCP-SYN)
PortScan,Portscan(TCP-SYN)
PortScan,Portscan(TCP-SYN)
PortScan,Portscan(TCP-SYN)
PortScan,Portscan(TCP-SYN)
PortScan,Portscan(TCP-SYN)
PortScan,Portscan(TCP-SYN)
PortScan,Portscan(TCP-SYN)
PortScan,Portscan(TCP-SYN)
PortScan,Portscan(TCP-SYN)
PortScan,Portscan(TCP-SYN)
PortScan,Portscan(TCP-SYN)
PortScan,Portscan(TCP-SYN)
PortScan,Portscan(TCP-SYN)
PortScan,Portscan(TCP-SYN)
PortScan,Portscan(TCP-SYN)
PortScan,Portscan(TCP-SYN)
PortScan,Portscan(TCP-SYN)
PortScan,Portscan(TCP-SYN)
PortScan,Portscan(TCP-SYN)
PortScan,Portscan(TCP-SYN)
PortScan,Portscan(TCP-SYN)
PortScan,Portscan(TCP-SYN)
PortScan,Portscan(TCP-SYN)
PortScan,Portscan(TCP-SYN)
PortScan,Portscan(TCP-SYN)
PortScan,Portscan(TCP-SYN)
PortScan,Portscan(TCP-SYN)
PortScan,Portscan(TCP-SYN)
PortScan,Portscan(TCP-SYN)
PortScan,Portscan(TCP-SYN)
PortScan,Portscan(TCP-SYN)
PortScan,Portscan(TCP-SYN)
PortScan,Portscan(TCP-SYN)
PortScan,Portscan(TCP-SYN)
PortScan,Portscan(TCP-SYN)
PortScan,Portscan(TCP-SYN)
PortScan,Portscan(TCP-SYN)
PortScan,Portscan(TCP-SYN)
PortScan,Portscan(TCP-SYN)
PortScan,Portscan(TCP-SYN)
PortScan,Portscan(TCP-SYN)
PortScan,Portscan(TCP-SYN)
PortScan,Portscan(TCP-SYN)
PortScan,Portscan(TCP-SYN)
PortScan,Portscan(TCP-SYN)
PortScan,Portscan(TCP-SYN)
PortScan,Portscan(TCP-SYN)
PortScan,Portscan(TCP-SYN)
PortScan,Portscan(TCP-SYN)
PortScan,Portscan(TCP-SYN)
PortScan,Portscan(TCP-SYN)
PortScan,Portscan(TCP-SYN)
PortScan,Portscan(TCP-SYN)
PortScan,Portscan(TCP-SYN)
PortScan,Portscan(TCP-SYN)
PortScan,Portscan(TCP-SYN)
PortScan,Portscan(TCP-SYN)
PortScan,Portscan(TCP-SYN)
PortScan,Portscan(TCP-SYN)
PortScan,Portscan(TCP-SYN)
PortScan,Portscan(TCP-SYN)
PortScan,Portscan(TCP-SYN)
PortScan,Portscan(TCP-SYN)
PortScan,Portscan(TCP-SYN)
PortScan,Portscan(TCP-SYN)
PortScan,Portscan(TCP-SYN)
PortScan,Portscan(TCP-SYN)
PortScan,Portscan(TCP-SYN)
PortScan,Portscan(TCP-SYN)
PortScan,Portscan(TCP-SYN)
PortScan,Portscan(TCP-SYN)
PortScan,Portscan(TCP-SYN)
PortScan,Portscan(TCP-SYN)
PortScan,Portscan(TCP-SYN)
PortScan,Portscan(TCP-SYN)
PortScan,Portscan(TCP-SYN)
PortScan,Portscan(TCP-SYN)
PortScan,Portscan(TCP-SYN)
PortScan,Portscan(TCP-SYN)
PortScan,Portscan(TCP-SYN)
PortScan,Portscan(TCP-SYN)
PortScan,Portscan(TCP-SYN)
PortScan,Portscan(TCP-SYN)
PortScan,Portscan(TCP-SYN)
PortScan,Portscan(TCP-SYN)
PortScan,Portscan(TCP-SYN)
PortScan,Portscan(TCP-SYN)
PortScan,Portscan(TCP-SYN)
PortScan,Portscan(TCP-SYN)
PortScan,Portscan(TCP-SYN)
PortScan,Portscan(TCP-SYN)
PortScan,Portscan(TCP-SYN)
PortScan,Portscan(TCP-SYN)
PortScan,Portscan(TCP-SYN)
PortScan,Portscan(TCP-SYN)
PortScan,Portscan(TCP-SYN)
PortScan,Portscan(TCP-SYN)
PortScan,Portscan(TCP-SYN)
PortScan,Portscan(TCP-SYN)
PortScan,Portscan(TCP-SYN)
PortScan,Portscan(TCP-SYN)
PortScan,Portscan(TCP-SYN)
PortScan,Portscan(TCP-SYN)
PortScan,Portscan(TCP-SYN)
PortScan,Portscan(TCP-SYN)
PortScan,Portscan(TCP-SYN)
PortScan,Portscan(TCP-SYN)
PortScan,Portscan(TCP-SYN)
PortScan,Portscan(TCP-SYN)
PortScan,Portscan(TCP-SYN)
PortScan,Portscan(TCP-SYN)
PortScan,Portscan(TCP-SYN)
PortScan,Portscan(TCP-SYN)
PortScan,Portscan(TCP-SYN)
PortScan,Portscan(TCP-SYN)
PortScan,Portscan(TCP-SYN)
PortScan,Portscan(TCP-SYN)
PortScan,Portscan(TCP-SYN)
PortScan,Portscan(TCP-SYN)
PortScan,Portscan(TCP-SYN)
PortScan,Portscan(TCP-SYN)
PortScan,Portscan(TCP-SYN)
PortScan,Portscan(TCP-SYN)
PortScan,Portscan(TCP-SYN)
PortScan,Portscan(TCP-SYN)
PortScan,Portscan(TCP-SYN)
PortScan,Portscan(TCP-SYN)
PortScan,Portscan(TCP-SYN)
PortScan,Portscan(TCP-SYN)
PortScan,Portscan(TCP-SYN)
PortScan,Portscan(TCP-SYN)
PortScan,Portscan(TCP-SYN)
PortScan,Portscan(TCP-SYN)
PortScan,Portscan(TCP-SYN)
PortScan,Portscan(TCP-SYN)
PortScan,Portscan(TCP-SYN)
PortScan,Portscan(TCP-SYN)
PortScan,Portscan(TCP-SYN)
PortScan,Portscan(TCP-SYN)
PortScan,Portscan(TCP-SYN)
PortScan,Portscan(TCP-SYN)
PortScan,Portscan(TCP-SYN)
PortScan,Portscan(TCP-SYN)
PortScan,Portscan(TCP-SYN)
PortScan,Portscan(TCP-SYN)
PortScan,Portscan(TCP-SYN)
PortScan,Portscan(TCP-SYN)
PortScan,Portscan(TCP-SYN)
PortScan,Portscan(TCP-SYN)
PortScan,Portscan(TCP-SYN)
PortScan,Portscan(TCP-SYN)
PortScan,Portscan(TCP-SYN)
PortScan,Portscan(TCP-SYN)
PortScan,Portscan(TCP-SYN)
PortScan,Portscan(TCP-SYN)
PortScan,Portscan(TCP-SYN)
PortScan,Portscan(TCP-SYN)
PortScan,Portscan(TCP-SYN)
PortScan,Portscan(TCP-SYN)
PortScan,Portscan(TCP-SYN)
PortScan,Portscan(TCP-SYN)
PortScan,Portscan(TCP-SYN)
PortScan,Portscan(TCP-SYN)
PortScan,Portscan(TCP-SYN)
PortScan,Portscan(TCP-SYN)
PortScan,Portscan(TCP-SYN)
PortScan,Portscan(TCP-SYN)
PortScan,Portscan(TCP-SYN)
PortScan,Portscan(TCP-SYN)
PortScan,Portscan(TCP-SYN)
PortScan,Portscan(TCP-SYN)
PortScan,Portscan(TCP-SYN)
PortScan,Portscan(TCP-SYN)
PortScan,Portscan(TCP-SYN)
PortScan,Portscan(TCP-SYN)
PortScan,Portscan(TCP-SYN)
PortScan,Portscan(TCP-SYN)
PortScan,Portscan(TCP-SYN)
PortScan,Portscan(TCP-SYN)
PortScan,Portscan(TCP-SYN)
PortScan,Portscan(TCP-SYN)
PortScan,Portscan(TCP-SYN)
PortScan,Portscan(TCP-SYN)
PortScan,Portscan(TCP-SYN)
PortScan,Portscan(TCP-SYN)
PortScan,Portscan(TCP-SYN)
PortScan,Portscan(TCP-SYN)
PortScan,Portscan(TCP-SYN)
PortScan,Portscan(TCP-SYN)
PortScan,Portscan(TCP-SYN)
PortScan,Portscan(TCP-SYN)
PortScan,Portscan(TCP-SYN)
PortScan,Portscan(TCP-SYN)
PortScan,Portscan(TCP-SYN)
PortScan,Portscan(TCP-SYN)
PortScan,Portscan(TCP-SYN)
PortScan,Portscan(TCP-SYN)
PortScan,Portscan(TCP-SYN)
PortScan,Portscan(TCP-SYN)
PortScan,Portscan(TCP-SYN)
PortScan,Portscan(TCP-SYN)
PortScan,Portscan(TCP-SYN)
PortScan,Portscan(TCP-SYN)
PortScan,Portscan(TCP-SYN)
PortScan,Portscan(TCP-SYN)
PortScan,Portscan(TCP-SYN)
PortScan,Portscan(TCP-SYN)
PortScan,Portscan(TCP-SYN)
PortScan,Portscan(TCP-SYN)
PortScan,Portscan(TCP-SYN)
PortScan,Portscan(TCP-SYN)
PortScan,Portscan(TCP-SYN)
PortScan,Portscan(TCP-SYN)
PortScan,Portscan(TCP-SYN)
PortScan,Portscan(TCP-SYN)
PortScan,Portscan(TCP-SYN)
PortScan,Portscan(TCP-SYN)
PortScan,Portscan(TCP-SYN)
PortScan,Portscan(TCP-SYN)
PortScan,Portscan(TCP-SYN)
PortScan,Portscan(TCP-SYN)
PortScan,Portscan(TCP-SYN)
PortScan,Portscan(TCP-SYN)
PortScan,Portscan(TCP-SYN)
PortScan,Portscan(TCP-SYN)
PortScan,Portscan(TCP-SYN)
PortScan,Portscan(TCP-SYN)
PortScan,Portscan(TCP-SYN)
PortScan,Portscan(TCP-SYN)
PortScan,Portscan(TCP-SYN)
PortScan,Portscan(TCP-SYN)
PortScan,Portscan(TCP-SYN)
PortScan,Portscan(TCP-SYN)
PortScan,Portscan(TCP-SYN)
PortScan,Portscan(TCP-SYN)
PortScan,Portscan(TCP-SYN)
PortScan,Portscan(TCP-SYN)
PortScan,Portscan(TCP-SYN)
PortScan,Portscan(TCP-SYN)
PortScan,Portscan(TCP-SYN)
PortScan,Portscan(TCP-SYN)
PortScan,Portscan(TCP-SYN)
PortScan,Portscan(TCP-SYN)
PortScan,Portscan(TCP-SYN)
PortScan,Portscan(TCP-SYN)
PortScan,Portscan(TCP-SYN)
PortScan,Portscan(TCP-SYN)
PortScan,Portscan(TCP-SYN)
PortScan,Portscan(TCP-SYN)
PortScan,Portscan(TCP-SYN)
PortScan,Portscan(TCP-SYN)
PortScan,Portscan(TCP-SYN)
PortScan,Portscan(TCP-SYN)
PortScan,Portscan(TCP-SYN)
PortScan,Portscan(TCP-SYN)
PortScan,Portscan(TCP-SYN)
PortScan,Portscan(TCP-SYN)
PortScan,Portscan(TCP-SYN)
PortScan,Portscan(TCP-SYN)
PortScan,Portscan(TCP-SYN)
PortScan,Portscan(TCP-SYN)
PortScan,Portscan(TCP-SYN)
PortScan,Portscan(TCP-SYN)
PortScan,Portscan(TCP-SYN)
PortScan,Portscan(TCP-SYN)
PortScan,Portscan(TCP-SYN)
PortScan,Portscan(TCP-SYN)
PortScan,Portscan(TCP-SYN)
PortScan,Portscan(TCP-SYN)
PortScan,Portscan(TCP-SYN)
PortScan,Portscan(TCP-SYN)
PortScan,Portscan(TCP-SYN)
PortScan,Portscan(TCP-SYN)
PortScan,Portscan(TCP-SYN)
PortScan,Portscan(TCP-SYN)
PortScan,Portscan(TCP-SYN)
PortScan,Portscan(TCP-SYN)
PortScan,Portscan(TCP-SYN)
PortScan,Portscan(TCP-SYN)
PortScan,Portscan(TCP-SYN)
PortScan,Portscan(TCP-SYN)
PortScan,Portscan(TCP-SYN)
PortScan,Portscan(TCP-SYN)
PortScan,Portscan(TCP-SYN)
PortScan,Portscan(TCP-SYN)
PortScan,Portscan(TCP-SYN)
PortScan,Portscan(TCP-SYN)
PortScan,Portscan(TCP-SYN)
PortScan,Portscan(TCP-SYN)
PortScan,Portscan(TCP-SYN)
PortScan,Portscan(TCP-SYN)
PortScan,Portscan(TCP-SYN)
PortScan,Portscan(TCP-SYN)
PortScan,Portscan(TCP-SYN)
PortScan,Portscan(TCP-SYN)
PortScan,Portscan(TCP-SYN)
PortScan,Portscan(TCP-SYN)
PortScan,Portscan(TCP-SYN)
PortScan,Portscan(TCP-SYN)
PortScan,Portscan(TCP-SYN)
PortScan,Portscan(TCP-SYN)
PortScan,Portscan(TCP-SYN)
PortScan,Portscan(TCP-SYN)
PortScan,Portscan(TCP-SYN)
PortScan,Portscan(TCP-SYN)
PortScan,Portscan(TCP-SYN)
PortScan,Portscan(TCP-SYN)
PortScan,Portscan(TCP-SYN)
PortScan,Portscan(TCP-SYN)
PortScan,Portscan(TCP-SYN)
PortScan,Portscan(TCP-SYN)
PortScan,Portscan(TCP-SYN)
PortScan,Portscan(TCP-SYN)
PortScan,Portscan(TCP-SYN)
PortScan,Portscan(TCP-SYN)
PortScan,Portscan(TCP-SYN)
PortScan,Portscan(TCP-SYN)
PortScan,Portscan(TCP-SYN)
PortScan,Portscan(TCP-SYN)
PortScan,Portscan(TCP-SYN)
PortScan,Portscan(TCP-SYN)
PortScan,Portscan(TCP-SYN)
PortScan,Portscan(TCP-SYN)
PortScan,Portscan(TCP-SYN)
PortScan,Portscan(TCP-SYN)
PortScan,Portscan(TCP-SYN)
PortScan,Portscan(TCP-SYN)
PortScan,Portscan(TCP-SYN)
PortScan,Portscan(TCP-SYN)
PortScan,Portscan(TCP-SYN)
PortScan,Portscan(TCP-SYN)
PortScan,Portscan(TCP-SYN)
PortScan,Portscan(TCP-SYN)
PortScan,Portscan(TCP-SYN)
PortScan,Portscan(TCP-SYN)
PortScan,Portscan(TCP-SYN)
PortScan,Portscan(TCP-SYN)
PortScan,Portscan(TCP-SYN)
PortScan,Portscan(TCP-SYN)
PortScan,Portscan(TCP-SYN)
PortScan,Portscan(TCP-SYN)
PortScan,Portscan(TCP-SYN)
PortScan,Portscan(TCP-SYN)
PortScan,Portscan(TCP-SYN)
PortScan,Portscan(TCP-SYN)
PortScan,Portscan(TCP-SYN)
PortScan,Portscan(TCP-SYN)
PortScan,Portscan(TCP-SYN)
PortScan,Portscan(TCP-SYN)
PortScan,Portscan(TCP-SYN)
PortScan,Portscan(TCP-SYN)
PortScan,Portscan(TCP-SYN)
PortScan,Portscan(TCP-SYN)
PortScan,Portscan(TCP-SYN)
PortScan,Portscan(TCP-SYN)
PortScan,Portscan(TCP-SYN)
PortScan,Portscan(TCP-SYN)
PortScan,Portscan(TCP-SYN)
PortScan,Portscan(TCP-SYN)
PortScan,Portscan(TCP-SYN)
PortScan,Portscan(TCP-SYN)
PortScan,Portscan(TCP-SYN)
PortScan,Portscan(TCP-SYN)
PortScan,Portscan(TCP-SYN)
PortScan,Portscan(TCP-SYN)
PortScan,Portscan(TCP-SYN)
PortScan,Portscan(TCP-SYN)
PortScan,Portscan(TCP-SYN)
PortScan,Portscan(TCP-SYN)
PortScan,Portscan(TCP-SYN)
PortScan,Portscan(TCP-SYN)
PortScan,Portscan(TCP-SYN)
PortScan,Portscan(TCP-SYN)
PortScan,Portscan(TCP-SYN)
PortScan,Portscan(TCP-SYN)
PortScan,Portscan(TCP-SYN)
PortScan,Portscan(TCP-SYN)
PortScan,Portscan(TCP-SYN)
PortScan,Portscan(TCP-SYN)
PortScan,Portscan(TCP-SYN)
PortScan,Portscan(TCP-SYN)
PortScan,Portscan(TCP-SYN)
PortScan,Portscan(TCP-SYN)
PortScan,Portscan(TCP-SYN)
PortScan,Portscan(TCP-SYN)
PortScan,Portscan(TCP-SYN)
PortScan,Portscan(TCP-SYN)
PortScan,Portscan(TCP-SYN)
PortScan,BENIGN
PortScan,Portscan(TCP)
PortScan,Portscan(TCP)
PortScan,Portscan(TCP)
